-- =============================================
-- University Database Sample Data
-- =============================================

-- =============================================
-- 1. classroom (40 rows)
-- =============================================
INSERT INTO classroom (building, room_number, capacity) VALUES
('Watson Hall',    '101', 60),
('Watson Hall',    '102', 80),
('Watson Hall',    '201', 40),
('Watson Hall',    '202', 50),
('Watson Hall',    '301', 30),
('Packard Hall',   '101', 90),
('Packard Hall',   '102', 70),
('Packard Hall',   '201', 45),
('Packard Hall',   '202', 55),
('Packard Hall',   '301', 35),
('Taylor Hall',    '101', 100),
('Taylor Hall',    '102', 75),
('Taylor Hall',    '201', 60),
('Taylor Hall',    '202', 40),
('Taylor Hall',    '301', 25),
('Lamberton',      '101', 80),
('Lamberton',      '102', 60),
('Lamberton',      '201', 50),
('Lamberton',      '202', 35),
('Lamberton',      '301', 20),
('Saucon Hall',    '101', 120),
('Saucon Hall',    '102', 90),
('Saucon Hall',    '201', 70),
('Saucon Hall',    '202', 50),
('Saucon Hall',    '301', 40),
('Fontaine Hall',  '101', 55),
('Fontaine Hall',  '102', 65),
('Fontaine Hall',  '201', 45),
('Fontaine Hall',  '202', 30),
('Mervis Hall',    '101', 85),
('Mervis Hall',    '102', 75),
('Mervis Hall',    '201', 60),
('Mervis Hall',    '202', 40),
('Grace Hall',     '101', 95),
('Grace Hall',     '102', 70),
('Grace Hall',     '201', 50),
('Grace Hall',     '202', 35),
('Alumni Hall',    '101', 110),
('Alumni Hall',    '201', 80),
('Alumni Hall',    '301', 45);

select * from classroom

-- =============================================
-- 2. department (10 rows — other tables ref these)
-- =============================================
INSERT INTO department (dept_name, building, budget) VALUES
('Computer Science', 'Taylor Hall',   500000.00),
('Mathematics',      'Watson Hall',   300000.00),
('Physics',          'Packard Hall',  350000.00),
('Biology',          'Lamberton',     400000.00),
('Chemistry',        'Saucon Hall',   450000.00),
('History',          'Fontaine Hall', 200000.00),
('English',          'Mervis Hall',   180000.00),
('Economics',        'Grace Hall',    420000.00),
('Electrical Eng',   'Alumni Hall',   550000.00),
('Psychology',       'Watson Hall',   250000.00);

select * from department
-- =============================================
-- 3. course (40 rows)
-- =============================================
INSERT INTO course (course_id, title, dept_name, credits) VALUES
('CS-101',  'Intro to Computing',          'Computer Science', 3),
('CS-201',  'Data Structures',             'Computer Science', 3),
('CS-301',  'Algorithms',                  'Computer Science', 3),
('CS-401',  'Database Systems',            'Computer Science', 4),
('CS-402',  'Operating Systems',           'Computer Science', 4),
('CS-403',  'Computer Networks',           'Computer Science', 3),
('CS-501',  'Machine Learning',            'Computer Science', 4),
('CS-502',  'Artificial Intelligence',     'Computer Science', 4),
('MATH-101','Calculus I',                  'Mathematics',      3),
('MATH-102','Calculus II',                 'Mathematics',      3),
('MATH-201','Linear Algebra',              'Mathematics',      3),
('MATH-301','Discrete Mathematics',        'Mathematics',      3),
('MATH-401','Probability Theory',          'Mathematics',      3),
('PHY-101', 'Physics I',                   'Physics',          4),
('PHY-102', 'Physics II',                  'Physics',          4),
('PHY-201', 'Quantum Mechanics',           'Physics',          3),
('PHY-301', 'Thermodynamics',              'Physics',          3),
('BIO-101', 'General Biology',             'Biology',          3),
('BIO-201', 'Genetics',                    'Biology',          3),
('BIO-301', 'Molecular Biology',           'Biology',          4),
('BIO-401', 'Ecology',                     'Biology',          3),
('CHEM-101','General Chemistry I',         'Chemistry',        4),
('CHEM-102','General Chemistry II',        'Chemistry',        4),
('CHEM-201','Organic Chemistry I',         'Chemistry',        4),
('CHEM-301','Biochemistry',                'Chemistry',        4),
('HIST-101','World History I',             'History',          3),
('HIST-201','Modern History',              'History',          3),
('HIST-301','Korean History',              'History',          3),
('ENG-101', 'English Composition',         'English',          3),
('ENG-201', 'Literature Survey',           'English',          3),
('ENG-301', 'Creative Writing',            'English',          3),
('ECON-101','Microeconomics',              'Economics',        3),
('ECON-201','Macroeconomics',              'Economics',        3),
('ECON-301','Econometrics',                'Economics',        4),
('ECON-401','Game Theory',                 'Economics',        3),
('EE-101',  'Circuit Analysis',            'Electrical Eng',   4),
('EE-201',  'Digital Logic',               'Electrical Eng',   3),
('EE-301',  'Signal Processing',           'Electrical Eng',   4),
('PSY-101', 'Intro to Psychology',         'Psychology',       3),
('PSY-201', 'Cognitive Psychology',        'Psychology',       3);

select * from department

-- =============================================
-- 4. instructor (40 rows)
-- =============================================
INSERT INTO instructor (instructor_id, name, dept_name, salary) VALUES
('I0001', 'James Kim',       'Computer Science', 95000.00),
('I0002', 'Sarah Park',      'Computer Science', 88000.00),
('I0003', 'David Lee',       'Computer Science', 91000.00),
('I0004', 'Emily Choi',      'Computer Science', 85000.00),
('I0005', 'Michael Yoon',    'Mathematics',      80000.00),
('I0006', 'Linda Shin',      'Mathematics',      78000.00),
('I0007', 'Robert Jung',     'Mathematics',      82000.00),
('I0008', 'Maria Han',       'Physics',          87000.00),
('I0009', 'Thomas Kang',     'Physics',          84000.00),
('I0010', 'Jessica Lim',     'Physics',          79000.00),
('I0011', 'Daniel Oh',       'Biology',          76000.00),
('I0012', 'Laura Bae',       'Biology',          74000.00),
('I0013', 'Kevin Seo',       'Biology',          77000.00),
('I0014', 'Angela Noh',      'Chemistry',        90000.00),
('I0015', 'Steven Ahn',      'Chemistry',        86000.00),
('I0016', 'Christine Yoo',   'Chemistry',        83000.00),
('I0017', 'George Kwon',     'History',          70000.00),
('I0018', 'Patricia Moon',   'History',          68000.00),
('I0019', 'Richard Cho',     'English',          65000.00),
('I0020', 'Barbara Jang',    'English',          63000.00),
('I0021', 'Charles Ryu',     'Economics',        92000.00),
('I0022', 'Sandra Lim',      'Economics',        89000.00),
('I0023', 'Joseph Song',     'Economics',        87000.00),
('I0024', 'Dorothy Hwang',   'Electrical Eng',   96000.00),
('I0025', 'Christopher Woo', 'Electrical Eng',   93000.00),
('I0026', 'Lisa Hong',       'Electrical Eng',   90000.00),
('I0027', 'Mark Chun',       'Psychology',       72000.00),
('I0028', 'Betty Nam',       'Psychology',       70000.00),
('I0029', 'Anthony Pyo',     'Computer Science', 99000.00),
('I0030', 'Ruth Im',         'Mathematics',      81000.00),
('I0031', 'Paul Jeon',       'Physics',          88000.00),
('I0032', 'Sharon Min',      'Biology',          75000.00),
('I0033', 'Brian Tae',       'Chemistry',        85000.00),
('I0034', 'Donna Byun',      'History',          67000.00),
('I0035', 'Raymond Gong',    'English',          64000.00),
('I0036', 'Carol Baek',      'Economics',        91000.00),
('I0037', 'Larry Heo',       'Electrical Eng',   94000.00),
('I0038', 'Joyce Yim',       'Psychology',       71000.00),
('I0039', 'Harold Ku',       'Computer Science', 97000.00),
('I0040', 'Evelyn Ma',       'Mathematics',      80000.00);


-- =============================================
-- 5. time_slot (40 rows)
-- =============================================
INSERT INTO time_slot (time_slot_id, day, start_time, end_time) VALUES
('A',  'M', '08:00', '09:15'),
('B',  'M', '09:30', '10:45'),
('C',  'M', '11:00', '12:15'),
('D',  'M', '13:00', '14:15'),
('E',  'M', '14:30', '15:45'),
('F',  'M', '16:00', '17:15'),
('G',  'T', '08:00', '09:15'),
('H',  'T', '09:30', '10:45'),
('I',  'T', '11:00', '12:15'),
('J',  'T', '13:00', '14:15'),
('K',  'T', '14:30', '15:45'),
('L',  'T', '16:00', '17:15'),
('M',  'W', '08:00', '09:15'),
('N',  'W', '09:30', '10:45'),
('O',  'W', '11:00', '12:15'),
('P',  'W', '13:00', '14:15'),
('Q',  'W', '14:30', '15:45'),
('R',  'W', '16:00', '17:15'),
('S',  'R', '08:00', '09:15'),
('T',  'R', '09:30', '10:45'),
('U',  'R', '11:00', '12:15'),
('V',  'R', '13:00', '14:15'),
('W',  'R', '14:30', '15:45'),
('X',  'R', '16:00', '17:15'),
('Y',  'F', '08:00', '09:15'),
('Z',  'F', '09:30', '10:45'),
('AA', 'F', '11:00', '12:15'),
('AB', 'F', '13:00', '14:15'),
('AC', 'F', '14:30', '15:45'),
('AD', 'F', '16:00', '17:15'),
('AE', 'S', '09:00', '10:30'),
('AF', 'S', '11:00', '12:30'),
('AG', 'S', '13:00', '14:30'),
('AH', 'U', '10:00', '11:30'),
('AI', 'U', '13:00', '14:30'),
('AJ', 'M', '17:30', '18:45'),
('AK', 'T', '17:30', '18:45'),
('AL', 'W', '17:30', '18:45'),
('AM', 'R', '17:30', '18:45'),
('AN', 'F', '17:30', '18:45');


-- =============================================
-- 6. section (45 rows)
-- =============================================
INSERT INTO section (course_id, sec_id, semester, year, building, room_number, time_slot_id) VALUES
('CS-101',  '1', 'FALL',   2023, 'Taylor Hall',   '101', 'A'),
('CS-101',  '2', 'FALL',   2023, 'Taylor Hall',   '102', 'B'),
('CS-101',  '1', 'SPRING', 2024, 'Taylor Hall',   '101', 'C'),
('CS-201',  '1', 'FALL',   2023, 'Watson Hall',   '201', 'D'),
('CS-201',  '1', 'SPRING', 2024, 'Watson Hall',   '202', 'E'),
('CS-301',  '1', 'FALL',   2023, 'Taylor Hall',   '201', 'G'),
('CS-301',  '1', 'SPRING', 2024, 'Taylor Hall',   '202', 'H'),
('CS-401',  '1', 'FALL',   2023, 'Packard Hall',  '201', 'I'),
('CS-401',  '1', 'SPRING', 2024, 'Packard Hall',  '202', 'J'),
('CS-402',  '1', 'FALL',   2023, 'Alumni Hall',   '101', 'K'),
('CS-501',  '1', 'SPRING', 2024, 'Alumni Hall',   '201', 'L'),
('CS-502',  '1', 'FALL',   2023, 'Alumni Hall',   '301', 'M'),
('MATH-101','1', 'FALL',   2023, 'Watson Hall',   '101', 'N'),
('MATH-101','2', 'FALL',   2023, 'Watson Hall',   '102', 'O'),
('MATH-101','1', 'SPRING', 2024, 'Watson Hall',   '101', 'P'),
('MATH-102','1', 'SPRING', 2024, 'Watson Hall',   '102', 'Q'),
('MATH-201','1', 'FALL',   2023, 'Lamberton',     '101', 'R'),
('MATH-301','1', 'SPRING', 2024, 'Lamberton',     '102', 'S'),
('MATH-401','1', 'FALL',   2023, 'Lamberton',     '201', 'T'),
('PHY-101', '1', 'FALL',   2023, 'Packard Hall',  '101', 'U'),
('PHY-101', '2', 'FALL',   2023, 'Packard Hall',  '102', 'V'),
('PHY-102', '1', 'SPRING', 2024, 'Packard Hall',  '101', 'W'),
('PHY-201', '1', 'FALL',   2023, 'Packard Hall',  '301', 'X'),
('BIO-101', '1', 'FALL',   2023, 'Lamberton',     '202', 'Y'),
('BIO-201', '1', 'SPRING', 2024, 'Lamberton',     '301', 'Z'),
('BIO-301', '1', 'FALL',   2023, 'Saucon Hall',   '101', 'AA'),
('CHEM-101','1', 'FALL',   2023, 'Saucon Hall',   '102', 'AB'),
('CHEM-101','2', 'FALL',   2023, 'Saucon Hall',   '201', 'AC'),
('CHEM-102','1', 'SPRING', 2024, 'Saucon Hall',   '202', 'AD'),
('CHEM-201','1', 'FALL',   2023, 'Saucon Hall',   '301', 'AE'),
('HIST-101','1', 'FALL',   2023, 'Fontaine Hall', '101', 'AF'),
('HIST-201','1', 'SPRING', 2024, 'Fontaine Hall', '102', 'AG'),
('ENG-101', '1', 'FALL',   2023, 'Mervis Hall',   '101', 'AH'),
('ENG-101', '2', 'FALL',   2023, 'Mervis Hall',   '102', 'AI'),
('ENG-201', '1', 'SPRING', 2024, 'Mervis Hall',   '201', 'AJ'),
('ECON-101','1', 'FALL',   2023, 'Grace Hall',    '101', 'AK'),
('ECON-201','1', 'SPRING', 2024, 'Grace Hall',    '102', 'AL'),
('ECON-301','1', 'FALL',   2023, 'Grace Hall',    '201', 'AM'),
('EE-101',  '1', 'FALL',   2023, 'Alumni Hall',   '101', 'AN'),
('EE-201',  '1', 'SPRING', 2024, 'Alumni Hall',   '201', 'A'),
('EE-301',  '1', 'FALL',   2023, 'Alumni Hall',   '301', 'B'),
('PSY-101', '1', 'FALL',   2023, 'Watson Hall',   '301', 'C'),
('PSY-201', '1', 'SPRING', 2024, 'Fontaine Hall', '201', 'D'),
('CS-403',  '1', 'SPRING', 2024, 'Taylor Hall',   '301', 'E'),
('ECON-401','1', 'FALL',   2023, 'Grace Hall',    '202', 'F');


-- =============================================
-- 7. teaches (45 rows)
-- =============================================
INSERT INTO teaches (instructor_id, course_id, sec_id, semester, year) VALUES
('I0001', 'CS-101',  '1', 'FALL',   2023),
('I0001', 'CS-101',  '2', 'FALL',   2023),
('I0002', 'CS-101',  '1', 'SPRING', 2024),
('I0003', 'CS-201',  '1', 'FALL',   2023),
('I0004', 'CS-201',  '1', 'SPRING', 2024),
('I0029', 'CS-301',  '1', 'FALL',   2023),
('I0003', 'CS-301',  '1', 'SPRING', 2024),
('I0039', 'CS-401',  '1', 'FALL',   2023),
('I0039', 'CS-401',  '1', 'SPRING', 2024),
('I0002', 'CS-402',  '1', 'FALL',   2023),
('I0001', 'CS-501',  '1', 'SPRING', 2024),
('I0004', 'CS-502',  '1', 'FALL',   2023),
('I0005', 'MATH-101','1', 'FALL',   2023),
('I0006', 'MATH-101','2', 'FALL',   2023),
('I0040', 'MATH-101','1', 'SPRING', 2024),
('I0030', 'MATH-102','1', 'SPRING', 2024),
('I0007', 'MATH-201','1', 'FALL',   2023),
('I0005', 'MATH-301','1', 'SPRING', 2024),
('I0006', 'MATH-401','1', 'FALL',   2023),
('I0008', 'PHY-101', '1', 'FALL',   2023),
('I0009', 'PHY-101', '2', 'FALL',   2023),
('I0031', 'PHY-102', '1', 'SPRING', 2024),
('I0010', 'PHY-201', '1', 'FALL',   2023),
('I0011', 'BIO-101', '1', 'FALL',   2023),
('I0032', 'BIO-201', '1', 'SPRING', 2024),
('I0013', 'BIO-301', '1', 'FALL',   2023),
('I0014', 'CHEM-101','1', 'FALL',   2023),
('I0015', 'CHEM-101','2', 'FALL',   2023),
('I0033', 'CHEM-102','1', 'SPRING', 2024),
('I0016', 'CHEM-201','1', 'FALL',   2023),
('I0017', 'HIST-101','1', 'FALL',   2023),
('I0034', 'HIST-201','1', 'SPRING', 2024),
('I0019', 'ENG-101', '1', 'FALL',   2023),
('I0020', 'ENG-101', '2', 'FALL',   2023),
('I0035', 'ENG-201', '1', 'SPRING', 2024),
('I0021', 'ECON-101','1', 'FALL',   2023),
('I0036', 'ECON-201','1', 'SPRING', 2024),
('I0022', 'ECON-301','1', 'FALL',   2023),
('I0024', 'EE-101',  '1', 'FALL',   2023),
('I0025', 'EE-201',  '1', 'SPRING', 2024),
('I0037', 'EE-301',  '1', 'FALL',   2023),
('I0027', 'PSY-101', '1', 'FALL',   2023),
('I0038', 'PSY-201', '1', 'SPRING', 2024),
('I0003', 'CS-403',  '1', 'SPRING', 2024),
('I0023', 'ECON-401','1', 'FALL',   2023);


-- =============================================
-- 8. student (50 rows)
-- =============================================
INSERT INTO student (student_id, name, dept_name, tot_credit) VALUES
('S0001', 'Ji-ho Shin',     'Computer Science', 90),
('S0002', 'Min-jun Park',   'Computer Science', 75),
('S0003', 'Soo-yeon Lee',   'Mathematics',      60),
('S0004', 'Hyun-woo Kim',   'Physics',          45),
('S0005', 'Ye-jin Choi',    'Biology',          30),
('S0006', 'Dong-hyun Yoon', 'Chemistry',        15),
('S0007', 'Na-young Jung',  'History',          60),
('S0008', 'Seung-jae Han',  'English',          45),
('S0009', 'Eun-ji Kang',    'Economics',        90),
('S0010', 'Tae-yang Lim',   'Electrical Eng',   75),
('S0011', 'Hye-rin Oh',     'Computer Science', 60),
('S0012', 'Byung-su Bae',   'Computer Science', 30),
('S0013', 'Yoo-jin Seo',    'Mathematics',      45),
('S0014', 'Jae-won Noh',    'Physics',          90),
('S0015', 'Soo-bin Ahn',    'Biology',          60),
('S0016', 'Kyung-min Yoo',  'Chemistry',        75),
('S0017', 'Jeong-hoon Kwon','History',          30),
('S0018', 'Ha-eun Moon',    'English',          15),
('S0019', 'Jun-seo Cho',    'Economics',        45),
('S0020', 'Mi-rae Jang',    'Electrical Eng',   60),
('S0021', 'Sang-hyun Ryu',  'Computer Science', 90),
('S0022', 'Bo-kyung Song',  'Mathematics',      75),
('S0023', 'Cheol-su Hwang', 'Physics',          30),
('S0024', 'Yun-seo Woo',    'Biology',          45),
('S0025', 'Ji-young Hong',  'Chemistry',        60),
('S0026', 'Dong-wook Chun', 'Computer Science', 15),
('S0027', 'Ara Jeon',       'Mathematics',      30),
('S0028', 'Seok-jin Min',   'Physics',          75),
('S0029', 'In-ah Tae',      'Biology',          90),
('S0030', 'Hyun-soo Byun',  'Chemistry',        45),
('S0031', 'Ye-sol Gong',    'History',          60),
('S0032', 'Joon-young Baek','Economics',        75),
('S0033', 'Su-hyun Heo',    'Electrical Eng',   45),
('S0034', 'Min-kyung Ku',   'Psychology',       30),
('S0035', 'Rak-hyun Im',    'Computer Science', 60),
('S0036', 'Ga-eun Ma',      'Mathematics',      15),
('S0037', 'Tae-soo Pyo',    'Physics',          45),
('S0038', 'Young-mi Yim',   'Biology',          60),
('S0039', 'Hyun-jin Baek',  'Chemistry',        90),
('S0040', 'Seun-ah Gil',    'English',          30),
('S0041', 'Nam-jun Go',     'Economics',        75),
('S0042', 'Ha-young Lho',   'Electrical Eng',   15),
('S0043', 'Jae-bum Son',    'Psychology',       45),
('S0044', 'Eun-sol Ra',     'Computer Science', 60),
('S0045', 'Ki-beom Nam',    'Mathematics',      30),
('S0046', 'Su-a Ryoo',      'Biology',          75),
('S0047', 'Chang-hoon Jo',  'Chemistry',        15),
('S0048', 'Bo-ra Do',       'History',          45),
('S0049', 'Won-jin Yi',     'Economics',        90),
('S0050', 'Ye-rim Ji',      'Electrical Eng',   60);


-- =============================================
-- 9. takes (50 rows)
-- =============================================
INSERT INTO takes (student_id, course_id, sec_id, semester, year, grade) VALUES
('S0001', 'CS-101',  '1', 'FALL',   2023, 'A'),
('S0001', 'MATH-101','1', 'FALL',   2023, 'A+'),
('S0001', 'CS-201',  '1', 'FALL',   2023, 'B+'),
('S0002', 'CS-101',  '2', 'FALL',   2023, 'B'),
('S0002', 'CS-201',  '1', 'FALL',   2023, 'A'),
('S0003', 'MATH-101','1', 'FALL',   2023, 'A+'),
('S0003', 'ENG-101', '1', 'FALL',   2023, 'B'),
('S0004', 'PHY-101', '1', 'FALL',   2023, 'A'),
('S0004', 'MATH-101','2', 'FALL',   2023, 'B+'),
('S0005', 'BIO-101', '1', 'FALL',   2023, 'A+'),
('S0006', 'CHEM-101','1', 'FALL',   2023, 'C'),
('S0007', 'HIST-101','1', 'FALL',   2023, 'A'),
('S0008', 'ENG-101', '2', 'FALL',   2023, 'B+'),
('S0009', 'ECON-101','1', 'FALL',   2023, 'A'),
('S0010', 'EE-101',  '1', 'FALL',   2023, 'B'),
('S0011', 'CS-101',  '1', 'FALL',   2023, 'A'),
('S0011', 'CS-301',  '1', 'FALL',   2023, 'B+'),
('S0012', 'CS-101',  '2', 'FALL',   2023, 'C+'),
('S0013', 'MATH-201','1', 'FALL',   2023, 'A+'),
('S0014', 'PHY-101', '2', 'FALL',   2023, 'A'),
('S0015', 'BIO-101', '1', 'FALL',   2023, 'B+'),
('S0016', 'CHEM-101','2', 'FALL',   2023, 'A'),
('S0017', 'HIST-101','1', 'FALL',   2023, 'B'),
('S0018', 'ENG-101', '1', 'FALL',   2023, 'A+'),
('S0019', 'ECON-101','1', 'FALL',   2023, 'B+'),
('S0020', 'EE-101',  '1', 'FALL',   2023, 'A'),
('S0021', 'CS-401',  '1', 'FALL',   2023, 'A+'),
('S0022', 'MATH-401','1', 'FALL',   2023, 'A'),
('S0023', 'PHY-201', '1', 'FALL',   2023, 'B'),
('S0024', 'BIO-301', '1', 'FALL',   2023, 'A'),
('S0025', 'CHEM-201','1', 'FALL',   2023, 'B+'),
('S0026', 'CS-101',  '1', 'FALL',   2023, 'D'),
('S0027', 'MATH-101','2', 'FALL',   2023, 'A'),
('S0028', 'PHY-101', '1', 'FALL',   2023, 'A+'),
('S0029', 'BIO-101', '1', 'FALL',   2023, 'B'),
('S0030', 'CHEM-101','1', 'FALL',   2023, 'B+'),
('S0031', 'HIST-101','1', 'FALL',   2023, 'A'),
('S0032', 'ECON-301','1', 'FALL',   2023, 'A'),
('S0033', 'EE-301',  '1', 'FALL',   2023, 'B'),
('S0034', 'PSY-101', '1', 'FALL',   2023, 'A+'),
('S0001', 'CS-301',  '1', 'SPRING', 2024, 'A'),
('S0002', 'CS-201',  '1', 'SPRING', 2024, 'B+'),
('S0003', 'MATH-102','1', 'SPRING', 2024, 'A'),
('S0009', 'ECON-201','1', 'SPRING', 2024, 'A+'),
('S0010', 'EE-201',  '1', 'SPRING', 2024, 'B'),
('S0035', 'CS-501',  '1', 'SPRING', 2024, 'A'),
('S0036', 'MATH-301','1', 'SPRING', 2024, 'B+'),
('S0037', 'PHY-102', '1', 'SPRING', 2024, 'A'),
('S0049', 'ECON-401','1', 'FALL',   2023, 'A+'),
('S0043', 'PSY-201', '1', 'SPRING', 2024, 'A');


-- =============================================
-- 10. advisor (40 rows)
-- =============================================
INSERT INTO advisor (student_id, instructor_id) VALUES
('S0001', 'I0001'),
('S0002', 'I0002'),
('S0003', 'I0005'),
('S0004', 'I0008'),
('S0005', 'I0011'),
('S0006', 'I0014'),
('S0007', 'I0017'),
('S0008', 'I0019'),
('S0009', 'I0021'),
('S0010', 'I0024'),
('S0011', 'I0003'),
('S0012', 'I0004'),
('S0013', 'I0006'),
('S0014', 'I0009'),
('S0015', 'I0012'),
('S0016', 'I0015'),
('S0017', 'I0018'),
('S0018', 'I0020'),
('S0019', 'I0022'),
('S0020', 'I0025'),
('S0021', 'I0029'),
('S0022', 'I0007'),
('S0023', 'I0010'),
('S0024', 'I0013'),
('S0025', 'I0016'),
('S0026', 'I0039'),
('S0027', 'I0030'),
('S0028', 'I0031'),
('S0029', 'I0032'),
('S0030', 'I0033'),
('S0031', 'I0034'),
('S0032', 'I0036'),
('S0033', 'I0037'),
('S0034', 'I0027'),
('S0035', 'I0001'),
('S0036', 'I0040'),
('S0037', 'I0031'),
('S0038', 'I0032'),
('S0039', 'I0014'),
('S0040', 'I0035');


-- =============================================
-- 11. prereq (20 rows)
-- =============================================
INSERT INTO prereq (course_id, prereq_id) VALUES
('CS-201',  'CS-101'),
('CS-301',  'CS-201'),
('CS-401',  'CS-301'),
('CS-402',  'CS-201'),
('CS-403',  'CS-201'),
('CS-501',  'CS-401'),
('CS-502',  'CS-301'),
('MATH-102','MATH-101'),
('MATH-201','MATH-101'),
('MATH-301','MATH-101'),
('MATH-401','MATH-201'),
('PHY-102', 'PHY-101'),
('PHY-201', 'PHY-102'),
('PHY-301', 'PHY-101'),
('BIO-201', 'BIO-101'),
('BIO-301', 'BIO-201'),
('CHEM-102','CHEM-101'),
('CHEM-201','CHEM-102'),
('CHEM-301','CHEM-201'),
('ECON-301','ECON-101');